fig_refs,tunnel,flow,entry,run,Re_per_m_e6,M,P0_kPa,T0_K,pe_kPa,qe_kPa,tau_w_kPa,nosetip,AoA_deg,roll_deg
1,HWT-5,Noisy,Jul-08,18,6.3,4.9,455,470,N/A,N/A,N/A,Sharp#1,0,120
5,BAM6QT,Quiet,Sep-08,9,8.7,6.0,874,424,N/A,N/A,N/A,N/A,N/A,N/A
6,BAM6QT,Quiet,Nov-08,9,9.0,6.0,907,427,N/A,N/A,N/A,Sharp#1,0,120
"2, 7–10, 20, 32, 35, 46, 48–49, 56",HWT-5,Noisy,May-09,67,4.6,4.9,391,522,1.38,20.0,0.0103,Sharp#1,0,120
"7–10, 20, 32, 35, 48–49, 53, 56",HWT-5,Noisy,May-09,63,5.7,4.9,432,483,1.53,22.1,0.0107,Sharp#1,0,120
"7–10, 20, 28, 32, 35, 48–49, 56",HWT-5,Noisy,May-09,54,6.5,4.9,472,467,1.67,24.1,0.0113,Sharp#1,0,120
"7–10, 20, 32, 35, 46, 48–49, 56",HWT-5,Noisy,May-09,64,8.4,4.9,582,456,2.05,29.7,0.0133,Sharp#1,0,120
"7–10, 20, 32, 35, 39, 42, 48–49, 54",HWT-5,Noisy,May-09,72,9.1,4.9,607,442,2.12,30.7,0.0135,Sharp#1,0,120
"7–10, 20, 32, 35, 39, 42, 48–49",HWT-5,Noisy,May-09,61,10.6,4.9,734,454,2.56,37.1,0.0159,Sharp#1,0,120
"7–10, 20, 32, 35, 39, 48–49",HWT-5,Noisy,May-09,59,11.6,4.9,800,453,2.80,40.5,0.0171,Sharp#1,0,120
"7–10, 20, 23, 32, 35, 39, 42, 47–51",HWT-5,Noisy,May-09,55,12.7,4.9,857,444,2.97,43.0,0.0178,Sharp#1,0,120
"7–10, 20, 32, 35, 39, 42, 48–49",HWT-5,Noisy,May-09,56,15.4,4.9,880,397,3.04,44.1,0.0172,Sharp#1,0,120
"7–10, 20, 32, 35, 39, 42, 48–49",HWT-5,Noisy,May-09,68,18.8,5.0,945,365,3.25,47.0,0.0174,Sharp#1,0,120
"7–10, 20, 32, 35, 39, 42, 48–49, 55",HWT-5,Noisy,May-09,69,24.2,5.0,1153,351,3.95,57.2,0.0200,Sharp#1,0,120
"4, 11–14, 21, 33, 36",BAM6QT,Noisy,Feb-09,22,1.0,5.8,97,430,0.15,2.7,0.0017,Sharp#2,0,120
"3–4, 11–14, 21, 33, 36, 58",BAM6QT,Noisy,Feb-09,21,2.9,5.8,274,429,0.41,7.7,0.0039,Sharp#2,0,120
"4, 11–14, 21, 33, 36, 40, 42, 58",BAM6QT,Noisy,Feb-09,20,5.0,5.8,472,429,0.71,13.3,0.0060,Sharp#2,0,120
"11–14, 21, 33, 36, 40, 42, 57–58",BAM6QT,Noisy,Feb-09,18,6.4,5.8,602,429,0.90,17.0,0.0072,Sharp#2,0,120
"4, 11–14, 21, 33, 36, 40, 42, 58",BAM6QT,Noisy,Feb-09,17,8.5,5.8,795,429,1.19,22.5,0.0090,Sharp#2,0,120
"4, 11–14, 21, 24, 33, 36, 40, 42, 58",BAM6QT,Noisy,Feb-09,19,10.0,5.8,936,429,1.41,26.5,0.0103,Sharp#2,0,120
"15–18, 22, 34, 37, 60, 62–63",HWT-8,Noisy,May-09,86,5.0,7.8,2414,759,0.75,24.5,0.0069,Sharp#1,0,120
"15–18, 22, 34, 37, 62",HWT-8,Noisy,May-09,84,5.6,7.8,2397,704,0.74,24.2,0.0066,Sharp#1,0,120
"15–18, 22, 29, 34, 37, 41–43, 52, 62",HWT-8,Noisy,May-09,76,6.9,7.8,2368,602,0.72,23.6,0.0061,Sharp#1,0,120
"15–18, 22, 34, 37, 62",HWT-8,Noisy,May-09,77,7.5,7.8,2579,605,0.79,25.6,0.0065,Sharp#1,0,120
"15–18, 22, 25, 34, 37, 41–43, 61–62",HWT-8,Noisy,May-09,78,9.5,7.9,3296,606,0.99,32.1,0.0078,Sharp#1,0,120
"15–18, 22, 34, 37, 41–43, 62",HWT-8,Noisy,May-09,79,10.6,7.9,3452,577,1.02,33.3,0.0079,Sharp#1,0,120
"15–18, 22, 34, 37, 41–42",HWT-8,Noisy,May-09,81,12.6,7.9,4457,608,1.30,42.3,0.0098,Sharp#1,0,120
"15–18, 22, 34, 37",HWT-8,Noisy,May-09,80,13.3,7.9,4523,589,1.31,42.6,0.0097,Sharp#1,0,120
"15–18, 22, 34, 37, 41–42",HWT-8,Noisy,May-09,82,14.2,7.9,4864,593,1.40,45.5,0.0103,Sharp#1,0,120
"15–18, 22, 34, 37, 41–42",HWT-8,Noisy,May-09,83,16.0,7.9,5177,568,1.46,47.6,0.0105,Sharp#1,0,120
19,HWT-5,Noisy,Jul-08,115,13.1,5.0,878,439,2.94,42.6,0.0176,Sharp#1,0,120
19,HWT-5,Noisy,Jul-08,79,13.2,5.0,869,433,2.91,42.1,0.0174,0.5mm,0,120
19,HWT-5,Noisy,Jul-08,77,13.2,5.0,868,432,2.91,42.0,0.0173,1.5mm,0,120
"26, 30, 32, 35",HWT-5,Noisy,May-09,11,6.3,4.9,468,474,1.65,N/A,0.0113,N/A,0,N/A
"26, 30, 32, 35",HWT-5,Noisy,May-09,3,6.5,4.9,471,468,1.66,N/A,0.0113,N/A,1,N/A
"26, 30, 32, 35",HWT-5,Noisy,May-09,4,6.5,4.9,472,468,1.66,N/A,0.0113,N/A,-1,N/A
"26, 28, 30, 32, 35",HWT-5,Noisy,May-09,2,6.6,4.9,474,467,1.67,N/A,0.0113,N/A,0,N/A
"26, 30, 32, 35",HWT-5,Noisy,May-09,1,6.6,4.9,472,465,1.66,N/A,0.0113,N/A,0,N/A
"26, 30, 32, 35",HWT-5,Noisy,May-09,6,10.2,4.9,669,438,2.33,N/A,0.0145,N/A,0,N/A
"26, 30, 32, 35",HWT-5,Noisy,May-09,7,13.2,5.0,875,439,3.01,N/A,0.0179,N/A,0,N/A
"26, 30, 32, 35",HWT-5,Noisy,May-09,8,15.9,5.0,898,393,3.09,N/A,0.0173,N/A,0,N/A
"26, 30, 32, 35",HWT-5,Noisy,May-09,9,18.9,5.0,1026,383,3.53,N/A,0.0191,N/A,0,N/A
"26, 30, 32, 35",HWT-5,Noisy,May-09,5,23.9,5.0,1148,354,3.95,N/A,0.0201,N/A,0,N/A
"26, 30, 32, 35",HWT-5,Noisy,May-09,10,24.0,5.0,1161,354,3.95,N/A,0.0201,N/A,0,N/A
"27, 30, 34, 37",HWT-8,Noisy,May-09,12,6.6,7.8,2296,612,0.71,N/A,0.0060,N/A,0,N/A
"27, 30, 34, 37",HWT-8,Noisy,May-09,19,6.7,7.8,2561,649,0.79,N/A,0.0067,N/A,0,N/A
"27, 30, 34, 37",HWT-8,Noisy,May-09,15,6.8,7.8,2316,601,0.71,N/A,0.0060,N/A,1,N/A
"27, 29–30, 34, 37",HWT-8,Noisy,May-09,14,7.0,7.8,2347,597,0.72,N/A,0.0060,N/A,0,N/A
"27, 30, 34, 37",HWT-8,Noisy,May-09,17,7.0,7.8,2357,596,0.72,N/A,0.0060,N/A,-1,N/A
"27, 30, 34, 37",HWT-8,Noisy,May-09,13,7.1,7.8,2362,590,0.72,N/A,0.0060,N/A,0,N/A
"27, 30, 34, 37",HWT-8,Noisy,May-09,26,7.2,7.8,2400,593,0.73,N/A,0.0061,N/A,0,N/A
"27, 30, 34, 37",HWT-8,Noisy,May-09,16,7.8,7.9,2475,570,0.75,N/A,0.0061,N/A,-1,N/A
"27, 30, 34, 37",HWT-8,Noisy,May-09,25,8.0,7.9,2498,568,0.76,N/A,0.0062,N/A,0,N/A
"27, 30, 34, 37",HWT-8,Noisy,May-09,20,8.1,7.9,2754,598,0.83,N/A,0.0068,N/A,0,N/A
"27, 30, 34, 37",HWT-8,Noisy,May-09,21,9.6,7.9,3303,600,0.99,N/A,0.0078,N/A,0,N/A
"27, 30, 34, 37",HWT-8,Noisy,May-09,28,11.4,7.9,4104,618,1.21,N/A,0.0093,N/A,0,N/A
"27, 30, 34, 37",HWT-8,Noisy,May-09,22,13.2,7.9,4529,595,1.31,N/A,0.0098,N/A,0,N/A
"27, 30, 34, 37",HWT-8,Noisy,May-09,27,13.2,7.9,4374,579,1.27,N/A,0.0094,N/A,0,N/A
"27, 30, 34, 37",HWT-8,Noisy,May-09,24,14.6,7.9,4895,584,1.40,N/A,0.0103,N/A,0,N/A
"27, 30, 34, 37",HWT-8,Noisy,May-09,29,14.8,7.9,4961,583,1.42,N/A,0.0103,N/A,0,N/A
"27, 30, 34, 37",HWT-8,Noisy,May-09,23,15.0,7.9,4732,558,1.35,N/A,0.0097,N/A,0,N/A
"27, 30, 34, 37",HWT-8,Noisy,May-09,18,15.6,7.9,5109,573,1.45,N/A,0.0105,N/A,0,N/A
"27, 30, 34, 37",HWT-8,Noisy,May-09,30,16.4,7.9,5198,561,1.46,N/A,0.0104,N/A,0,N/A
"30, 33, 36",BAM6QT,Noisy,Aug-05,2,2.091,5.8,195,428,0.29,N/A,0.0028,N/A,0,N/A
"30, 33, 36",BAM6QT,Noisy,Aug-05,2,1.718,5.8,138,387,0.21,N/A,0.0021,N/A,0,N/A
"30, 33, 36",BAM6QT,Noisy,Jan-06,15,5.721,5.8,534,427,0.80,N/A,0.0063,N/A,0,N/A
"30, 33, 36",BAM6QT,Noisy,Jan-06,15,4.698,5.8,378,387,0.57,N/A,0.0046,N/A,0,N/A
"30, 33, 36",BAM6QT,Noisy,Jan-06,8,7.087,5.8,661,427,0.99,N/A,0.0075,N/A,0,N/A
"30, 33, 36",BAM6QT,Noisy,Mar-06,1,3.215,5.8,300,428,0.45,N/A,0.0040,N/A,0,N/A
"30, 33, 36",BAM6QT,Noisy,Mar-06,1,2.839,5.8,241,402,0.36,N/A,0.0033,N/A,0,N/A
"30, 31, 33, 36",BAM6QT,Noisy,Jun-06,2,7.08,5.8,661,428,0.99,N/A,0.0075,N/A,0,N/A
"30, 31, 33, 36",BAM6QT,Noisy,Jun-06,3,7.13,5.8,670,429,1.01,N/A,0.0076,N/A,0,N/A
"30, 31, 33, 36",BAM6QT,Noisy,Jun-06,4,7.09,5.8,662,428,0.99,N/A,0.0075,N/A,0,N/A
"30, 31, 33, 36",BAM6QT,Noisy,Jun-06,5,7.1,5.8,667,429,1.00,N/A,0.0076,N/A,0,N/A
"30, 33, 36",BAM6QT,Noisy,Aug-06,9,9.1,5.8,852,427,1.28,N/A,0.0092,N/A,0,N/A
"30, 33, 36",BAM6QT,Noisy,Sep-06,2,11.3,5.8,1056,427,1.59,N/A,0.0109,N/A,0,N/A
30,BAM6QT,Noisy,Jun-09,2,6.7,5.8,606,421,N/A,N/A,N/A,N/A,0,N/A
30,BAM6QT,Noisy,Jun-09,18,6.6,5.8,607,423,N/A,N/A,N/A,N/A,0,N/A
30,BAM6QT,Noisy,Jun-09,14,6.5,5.8,605,424,N/A,N/A,N/A,N/A,0,N/A
30,BAM6QT,Noisy,Jun-09,5,12.6,5.8,1160,424,N/A,N/A,N/A,N/A,0,N/A
30,BAM6QT,Noisy,Jun-09,19,12.6,5.8,1148,422,N/A,N/A,N/A,N/A,0,N/A
30,BAM6QT,Noisy,Jun-09,26,14.1,5.8,1329,431,N/A,N/A,N/A,N/A,0,N/A
30,BAM6QT,Noisy,Jun-09,27,14.2,5.8,1337,430,N/A,N/A,N/A,N/A,0,N/A
30,BAM6QT,Noisy,Jun-09,28,13.9,5.8,1290,426,N/A,N/A,N/A,N/A,0,N/A
44–45,BAM6QT,Noisy,Feb-09,19,9.3,5.8,832,414,1.25,23.5,0.0092,Sharp#2,0,120
44–45,BAM6QT,Quiet,Feb-09,26,9.1,6.0,923,428,1.16,23.2,0.0088,Sharp#2,0,120
57,BAM6QT,Noisy,Oct-08,3,6.5,5.8,608,429,0.91,17.2,0.0071,Sharp#2,0,120
59,BAM6QT,Noisy,Oct-08,5,9.1,5.8,814,414,1.22,23.0,0.0088,Sharp#2,0,120
59,BAM6QT,Noisy,Dec-08,8,10.4,5.8,937,416,1.41,26.5,0.0098,Sharp#2,0,120
59,BAM6QT,Quiet,Dec-08,3,9.0,6,913,428,1.14,22.9,0.0084,Sharp#2,0,120
59,BAM6QT,Quiet,Dec-08,7,10.3,6,1043,427,1.31,26.2,0.0093,Sharp#2,0,120
64,HWT-5,Noisy,May-09,37,10.0,4.9,663,441,2.34,33.8,0.0145,Sharp#1,0.1,120
64,HWT-5,Noisy,May-09,36,10.1,4.9,661,438,2.32,33.6,0.0144,Sharp#1,0,120
64,HWT-5,Noisy,May-09,38,10.0,4.9,668,443,2.35,34.0,0.0146,Sharp#1,-0.1,120
"65, 67",HWT-5,Noisy,May-09,51,6.4,4.9,463,471,1.64,23.7,0.0112,Sharp#1,0,-120
"65, 67",HWT-5,Noisy,May-09,33,6.4,4.9,462,468,1.63,23.6,0.0112,Sharp#1,0,0
"65, 67",HWT-5,Noisy,May-09,53,6.7,4.9,475,464,1.68,24.4,0.0114,Sharp#1,0,90
"65, 67",HWT-5,Noisy,May-09,54,6.5,4.9,472,467,1.67,24.1,0.0113,Sharp#1,0,120
"65, 67",HWT-5,Noisy,May-09,52,6.7,4.9,477,464,1.69,24.4,0.0114,Sharp#1,0,180
"66, 71",HWT-5,Noisy,May-09,73,9.4,4.9,628,441,2.19,31.7,0.0138,Sharp#1,0,120
"66, 71",HWT-5,Noisy,May-09,74,9.6,4.9,647,445,2.27,32.8,0.0142,Sharp#2,0,120
"68, 70",HWT-8,Noisy,May-09,88,12.8,7.9,4401,595,1.28,41.6,0.0096,Sharp#1,0,-120
"68, 70",HWT-8,Noisy,May-09,87,13.1,7.9,4533,598,1.32,42.8,0.0098,Sharp#1,0,0
68–70,HWT-8,Noisy,May-09,80,13.3,7.9,4523,589,1.31,42.6,0.0097,Sharp#1,0,120
69,HWT-8,Noisy,May-09,89,13.2,7.9,4559,597,1.32,43.0,0.0099,Sharp#1,0.1,120
69,HWT-8,Noisy,May-09,90,13.1,7.9,4503,595,1.31,42.5,0.0097,Sharp#1,-0.1,120
